concern;quality
cyber security;1
process improvement;1
maintenance;1
Communication;1
process improvement;1
product improvement;1
cyber security;1
business and finance;1
process design;1
maintenance;1
product design;1
process design;1
process design;1
process design;1
process improvement;1
process improvement;1
product design;1
process design;1
process improvement;1
process design;1
process design;1
process improvement;1
product design;1
cyber security;1
product design;1
sustainability;1
process design;1
Health;1
Health;1
maintenance;1
process improvement;1
process improvement;1
process improvement;1
process improvement;1
business and finance;1
process improvement;1
cyber security;1
process improvement;1
cyber security;1
maintenance;1
process improvement;1
process improvement;1
process improvement;1
maintenance;1
maintenance;1
process improvement;1
process improvement;1
process improvement;1
cyber security;1
process improvement;1
process improvement;1
process design;1
process improvement;1
process improvement;1
process improvement;1
product improvement;1
maintenance;1
process improvement;1
process improvement;1
cyber security;1
process design;1
Health;1
process improvement;1
process improvement;1
Communication;1
maintenance;1
process improvement;1
process improvement;1
process improvement;1
maintenance;1
maintenance;1
cyber security;1
maintenance;1
process improvement;1
maintenance;1
maintenance;1
cyber security;1
process improvement;1
maintenance;1
process improvement;1
Communication;1
process improvement;1
maintenance;1
process improvement;1
process improvement;1
process improvement;1
process improvement;1
process improvement;1
process improvement;1
maintenance;1
process improvement;1
process improvement;1
process design;1
product design;1
process improvement;1
process improvement;1
process improvement;1
business and finance;1
process improvement;1
process design;1
process improvement;1
process improvement;1
Communication;1
process improvement;1
process improvement;1
process improvement;1
maintenance;1
business and finance;1
maintenance;1
process improvement;1
process improvement;1
process improvement;1
cyber security;1
maintenance;1
maintenance;1
maintenance;1
process design;1
maintenance;1
maintenance;1
process design;1
process design;1
process improvement;1
process improvement;1
process design;1
process design;1
;
;
;
